{
  "teams": [
    {
      "cheerleaders": [
        { "age": 15, "name": "Kriszti" },
        { "age": 12, "name": "Elena" }
      ],
      "name": "Test2",
      "players": [
        { "age": 19, "name": "Gabor" },
        { "age": 20, "name": "Barnabas" },
        { "age": 18, "name": "Kristof" }
      ]
    },
    {
      "cheerleaders": [
        { "age": 21, "name": "Nori" },
        { "age": 19, "name": "Petra" }
      ],
      "name": "Test3",
      "players": [
        { "age": 19, "name": "Tomi" },
        { "age": 21, "name": "Balazs" },
        { "age": 22, "name": "Mirko" }
      ]
    },
    {
      "cheerleaders": [
        { "age": 12, "name": "Cheerleadertest" },
        { "age": 13, "name": "TestCheerleader2" }
      ],
      "name": "TestBasketballteam",
      "players": [
        { "age": 11, "name": "Test1" },
        { "age": 12, "name": "Test1" },
        { "age": 13, "name": "Test2" }
      ]
    },
    {
      "cheerleaders": [],
      "name": "Dani'sTeam",
      "players": [{ "age": 16, "name": "Dani" }]
    }
  ]
}
