{
  "teams": [
    {
      "coaches": [{ "age": 37, "name": "CoachIsti" }],
      "name": "Test",
      "players": [
        { "age": 15, "name": "Jozsi" },
        { "age": 19, "name": "Dani" },
        { "age": 17, "name": "Patrik" }
      ]
    },
    {
      "coaches": [
        { "age": 50, "name": "CoachPeti22" },
        { "age": 40, "name": "CoachIsti23" }
      ],
      "name": "Test1",
      "players": [
        { "age": 16, "name": "Andi" },
        { "age": 19, "name": "Peter" },
        { "age": 17, "name": "David" }
      ]
    },
    {
      "coaches": [{ "age": 28, "name": "TestCoachNer" }],
      "name": "TestTeamNew",
      "players": [{ "age": 18, "name": "TestPlayerNer" }]
    }
  ]
}
